Attack Type,Count,Detection Rate
DDoS-SynonymousIP_Flood,90480,0.9991158267020336
DDoS-RSTFINFlood,101819,0.999027686384663
DDoS-ICMP_Flood,180447,0.9988583905523506
DDoS-SYN_Flood,102208,0.9987770037570445
Mirai-greeth_flood,24934,0.9938638004331435
DoS-SYN_Flood,51116,0.9927615619375538
Mirai-greip_flood,19279,0.9882255303698324
DDoS-ICMP_Fragmentation,11402,0.9742150499912297
DDoS-PSHACK_Flood,103326,0.8618256779513385
DoS-HTTP_Flood,1805,0.4343490304709141
Recon-HostDiscovery,3331,0.41669168417892527
Recon-PingSweep,53,0.41509433962264153
Recon-PortScan,2082,0.3150816522574448
DDoS-HTTP_Flood,709,0.27221438645980256
Recon-OSScan,2433,0.2688039457459926
SqlInjection,148,0.23648648648648649
Backdoor_Malware,89,0.2247191011235955
MITM-ArpSpoofing,7840,0.15114795918367346
DDoS-SlowLoris,622,0.10289389067524116
Uploading_Attack,33,0.09090909090909091
BrowserHijacking,134,0.08208955223880597
DNS_Spoofing,4570,0.0800875273522976
XSS,103,0.06796116504854369
DictionaryBruteForce,319,0.06583072100313479
CommandInjection,119,0.04201680672268908
DDoS-ACK_Fragmentation,7292,0.024273176083379047
VulnerabilityScan,913,0.019715224534501644
DoS-UDP_Flood,83627,0.013560213806545733
Mirai-udpplain,22536,0.010827121050763224
DDoS-UDP_Flood,136717,0.008609024481227646
DoS-TCP_Flood,67697,0.007252906332629216
DDoS-TCP_Flood,113735,0.0038334725458302192
DDoS-UDP_Fragmentation,7224,0.0006921373200442968
